company,email,country,currency,date,good_person?
Varius Orci In Institute,feugiat@google.edu,Brazil,$13.65,"Jan 11, 2023",Yes
Ullamcorper Eu Euismod Ltd,enim.condimentum@icloud.couk,Nigeria,$92.87,"May 14, 2023",Yes
Condimentum Eget Volutpat LLP,mauris.ut@hotmail.couk,South Africa,$19.93,"May 12, 2024",No
Non Ltd,ligula.aliquam@yahoo.net,Nigeria,$11.76,"Oct 26, 2023",Yes
Arcu Morbi LLP,consectetuer.adipiscing@aol.couk,Brazil,$3.65,"Aug 15, 2023",No
Suspendisse Non Leo PC,varius.nam@hotmail.com,South Africa,$96.85,"Jan 9, 2023",No
Nascetur Ridiculus Institute,magna@google.org,Brazil,$66.38,"May 25, 2023",No
Egestas Duis Inc.,aenean.massa@aol.couk,United Kingdom,$69.32,"Apr 2, 2023",No
Sed Tortor Integer Limited,vestibulum@protonmail.org,Nigeria,$96.42,"Feb 11, 2023",No
Aliquet Industries,nunc.in.at@protonmail.ca,Nigeria,$56.45,"Feb 11, 2023",No
Sapien Aenean PC,mattis.velit.justo@aol.com,Brazil,$46.14,"Jun 2, 2024",No
A Magna Associates,diam.luctus@aol.edu,Nigeria,$60.03,"May 23, 2024",No
Vel Nisl Quisque PC,fames.ac@hotmail.net,Brazil,$56.50,"Sep 5, 2023",Yes
Arcu Sed Corp.,tellus.imperdiet.non@outlook.ca,South Africa,$76.23,"Jul 27, 2024",No
Lectus Pede Institute,rutrum.justo@google.ca,South Africa,$74.89,"Aug 25, 2023",Yes
Mi Ac Incorporated,fermentum.metus@aol.org,United Kingdom,$43.11,"Aug 28, 2024",Yes
Ultrices Inc.,diam@protonmail.com,Nigeria,$32.83,"Apr 19, 2023",No
Sollicitudin Incorporated,amet@outlook.com,South Africa,$7.65,"Apr 9, 2023",Yes
Tellus Lorem Eu Associates,nec.ante.blandit@google.com,Brazil,$40.60,"Nov 8, 2022",No
Sociis Natoque LLP,netus.et.malesuada@yahoo.edu,South Africa,$37.27,"Sep 20, 2023",Yes
Donec Dignissim LLP,blandit.congue@aol.com,Brazil,$18.78,"Jul 2, 2023",Yes
Consequat Nec Industries,amet.orci.ut@hotmail.org,Brazil,$25.76,"Sep 26, 2022",No
Elit Etiam LLC,augue.scelerisque@aol.com,Brazil,$67.18,"May 8, 2023",Yes
Nec Imperdiet Associates,semper.tellus.id@outlook.couk,Brazil,$78.95,"Aug 19, 2024",Yes
Metus Urna Convallis Corp.,neque.in@icloud.edu,South Africa,$97.39,"Sep 16, 2022",Yes
Ultrices Posuere Foundation,ipsum.ac@protonmail.com,Nigeria,$26.90,"Jan 8, 2024",No
Risus Varius Orci Industries,faucibus@yahoo.ca,Nigeria,$14.08,"Feb 17, 2024",Yes
Donec Sollicitudin Foundation,justo.faucibus.lectus@icloud.edu,Brazil,$22.36,"Apr 15, 2023",No
Diam At Pretium Corporation,ultricies.ornare.elit@icloud.edu,South Africa,$43.61,"Jan 9, 2024",Yes
Nunc LLC,lacinia.at@aol.ca,South Africa,$64.37,"May 18, 2024",Yes
Elementum Dui Quis Associates,aliquam.nec@yahoo.com,Brazil,$24.03,"Oct 9, 2023",No
Velit In Limited,quis.diam.pellentesque@yahoo.couk,Brazil,$73.49,"Jun 21, 2023",Yes
Porttitor Vulputate Industries,phasellus.in.felis@yahoo.edu,South Africa,$37.35,"Feb 4, 2024",Yes
Dapibus Quam Corporation,aliquam.vulputate.ullamcorper@protonmail.couk,South Africa,$79.86,"Sep 24, 2022",Yes
Orci Luctus Ltd,eleifend.nec@google.couk,South Africa,$22.95,"Mar 1, 2023",No
Consectetuer Corporation,elit@icloud.ca,Nigeria,$78.24,"May 20, 2023",No
Congue Turpis Incorporated,et.euismod@protonmail.couk,Brazil,$53.04,"Aug 1, 2024",Yes
Curae Phasellus Ornare PC,nunc.quis@icloud.couk,Nigeria,$12.60,"Jan 17, 2023",No
Enim Non LLC,in.sodales@hotmail.edu,South Africa,$50.37,"Oct 20, 2023",Yes
Enim Mi Tempor Associates,justo.nec@hotmail.org,South Africa,$46.86,"Feb 16, 2024",Yes
Placerat Corp.,magna@icloud.net,Nigeria,$27.75,"Jun 19, 2023",Yes
Suspendisse Aliquet Associates,sed@yahoo.com,Brazil,$3.05,"Sep 30, 2023",No
Dui Quis LLC,mus.proin@aol.com,Nigeria,$24.72,"Dec 23, 2022",No
Libero LLP,massa.non@aol.com,South Africa,$12.23,"Mar 23, 2023",No
Sit Amet Faucibus Industries,proin.dolor@yahoo.ca,Brazil,$27.18,"Jun 6, 2024",Yes
Cursus Corporation,porttitor.tellus.non@icloud.com,Nigeria,$27.02,"Dec 12, 2023",No
Ullamcorper Magna Limited,quam@protonmail.com,Brazil,$7.53,"Dec 16, 2022",No
Risus Nulla Eget Associates,felis.purus@protonmail.org,Nigeria,$48.23,"Mar 25, 2024",No
Nunc Risus Limited,metus.urna@icloud.edu,Brazil,$82.73,"Nov 9, 2023",Yes
Ante Ipsum Consulting,scelerisque.scelerisque@outlook.couk,Brazil,$12.42,"Jul 26, 2024",Yes
Nulla Dignissim LLP,ac.fermentum@yahoo.couk,Nigeria,$70.21,"Oct 6, 2022",No
Cras Eu Corp.,felis.eget.varius@icloud.edu,United Kingdom,$72.63,"Apr 10, 2024",Yes
Mauris LLP,non.quam@outlook.com,Nigeria,$0.57,"Mar 14, 2024",Yes
Iaculis Enim Associates,ultrices@hotmail.ca,Nigeria,$36.59,"Feb 20, 2023",Yes
Malesuada Incorporated,id.erat@icloud.couk,Brazil,$9.38,"Mar 8, 2023",Yes
Iaculis Quis LLP,fusce.aliquet.magna@google.com,Nigeria,$10.50,"Oct 26, 2022",Yes
Nullam Feugiat Ltd,est.ac@google.com,Brazil,$66.66,"Jan 7, 2023",No
Ipsum LLC,sed@google.ca,Nigeria,$60.28,"Sep 21, 2023",No
Sit Amet Company,consectetuer.cursus@outlook.net,Brazil,$67.63,"Mar 8, 2023",No
Arcu Ltd,id.magna.et@google.org,Nigeria,$29.40,"Nov 16, 2022",Yes
Magna Inc.,phasellus.vitae@outlook.ca,Brazil,$43.64,"Oct 10, 2023",No
Curabitur Dictum LLP,aliquet.nec@protonmail.net,South Africa,$28.24,"Sep 23, 2023",No
Tristique Pharetra Quisque Incorporated,diam.at.pretium@hotmail.ca,South Africa,$65.20,"Jan 23, 2023",Yes
Tellus Faucibus Corporation,eu.ligula@google.edu,South Africa,$75.20,"Apr 13, 2023",Yes
Ornare Fusce Mollis Institute,sed.congue.elit@hotmail.ca,Brazil,$39.58,"Jul 17, 2024",No
Tempor Diam Dictum Corporation,eu.accumsan@icloud.com,Nigeria,$91.74,"Jun 24, 2024",Yes
Eget Massa Inc.,bibendum.sed@outlook.com,United Kingdom,$63.26,"Jun 5, 2023",Yes
Egestas A Dui Company,dictum.sapien@aol.couk,United Kingdom,$84.53,"Jul 25, 2023",No
Ut Aliquam Company,sagittis.semper@outlook.net,Nigeria,$22.05,"Aug 8, 2023",No
Mattis Integer LLC,vel.lectus.cum@aol.couk,South Africa,$28.97,"Dec 15, 2022",No
Pellentesque Massa Associates,mi@hotmail.ca,United Kingdom,$11.97,"Nov 12, 2022",No
Sit Amet Ultricies LLC,aenean.euismod@icloud.edu,Nigeria,$48.89,"Oct 18, 2023",Yes
Laoreet Ipsum Limited,lacus.mauris.non@hotmail.com,Nigeria,$62.47,"May 27, 2024",No
Ultrices Vivamus Rhoncus Consulting,hendrerit.a.arcu@aol.couk,South Africa,$76.77,"Sep 6, 2023",Yes
Risus Morbi LLP,id@aol.ca,Brazil,$72.66,"Mar 25, 2023",No
Pharetra Quisque Ac Company,donec@hotmail.com,United Kingdom,$0.68,"Sep 22, 2023",Yes
Nec Orci Corporation,fusce.mi@protonmail.ca,South Africa,$37.99,"Jul 21, 2024",Yes
Sit Limited,fermentum.vel@google.couk,United Kingdom,$51.07,"Sep 11, 2022",No
Iaculis Quis Pede LLC,lorem@google.com,Brazil,$71.14,"Mar 4, 2023",No
Netus Et Malesuada Foundation,ante.iaculis@hotmail.com,Nigeria,$40.15,"Jan 4, 2024",No
Vel Faucibus Ltd,mus.donec.dignissim@icloud.net,Brazil,$60.10,"Dec 27, 2023",No
Ac Foundation,sem.egestas@aol.org,Brazil,$8.93,"Dec 16, 2022",Yes
Pretium Aliquet Metus Limited,a.facilisis@google.couk,Nigeria,$94.66,"May 5, 2023",Yes
Et Corp.,quam.dignissim.pharetra@google.net,Brazil,$27.81,"Apr 20, 2024",No
Dui Corporation,convallis.est@aol.couk,United Kingdom,$29.24,"Mar 21, 2023",No
Et Tristique Pellentesque Foundation,ipsum.sodales.purus@aol.com,United Kingdom,$16.38,"Oct 4, 2023",No
Imperdiet Ullamcorper Corporation,et@icloud.com,United Kingdom,$54.32,"Jul 21, 2023",Yes
Vitae Orci Inc.,metus@hotmail.net,Brazil,$96.91,"Dec 19, 2022",No
Ultricies Dignissim Foundation,justo.proin@hotmail.ca,Brazil,$66.34,"Sep 13, 2023",Yes
Eu Ultrices Industries,donec@outlook.org,South Africa,$22.61,"Dec 12, 2022",Yes
Pede Corp.,montes.nascetur@outlook.edu,Brazil,$82.34,"Aug 13, 2023",No
Consectetuer Cursus Et Industries,nisi.magna@yahoo.ca,South Africa,$58.71,"Dec 1, 2022",No
Vitae Erat Corp.,dui.suspendisse@protonmail.ca,Nigeria,$67.93,"Apr 7, 2024",No
Congue Institute,quis.pede@icloud.net,South Africa,$46.57,"Sep 3, 2023",Yes
Rhoncus Proin Associates,cursus.in@protonmail.ca,United Kingdom,$34.97,"Feb 12, 2023",Yes
Purus Ac Inc.,id@protonmail.com,United Kingdom,$32.54,"Apr 5, 2024",No
Quam Vel Inc.,gravida@icloud.ca,United Kingdom,$0.30,"Dec 5, 2022",Yes
Tempor Bibendum Corporation,cursus.a@hotmail.couk,Brazil,$34.23,"Jun 19, 2023",Yes
Massa Mauris Vestibulum Incorporated,ornare@google.couk,United Kingdom,$72.09,"Feb 14, 2024",Yes
Donec At Arcu Institute,est.mauris@icloud.edu,United Kingdom,$39.00,"Oct 29, 2022",No
Aliquam Eu Accumsan Corporation,arcu.iaculis@aol.ca,South Africa,$13.72,"Jan 14, 2024",No
Sapien Molestie Institute,duis.ac@icloud.edu,South Africa,$66.22,"Jul 11, 2023",No
Sem Ut PC,mus@google.net,South Africa,$91.38,"Aug 10, 2024",No
Lectus Convallis Company,urna.ut.tincidunt@outlook.couk,United Kingdom,$54.00,"Jun 26, 2024",Yes
Mollis Vitae Posuere Associates,arcu@outlook.couk,Brazil,$77.13,"Jan 22, 2024",No
Pellentesque Sed LLC,nulla.eget.metus@aol.org,Brazil,$36.89,"Aug 29, 2023",Yes
Nunc In Corporation,neque.venenatis@icloud.edu,Nigeria,$12.25,"Jul 25, 2024",No
Mauris LLC,libero.dui@protonmail.couk,United Kingdom,$38.14,"Feb 21, 2023",Yes
Per Inceptos Limited,turpis.vitae@icloud.net,United Kingdom,$9.56,"Jul 25, 2024",No
Vestibulum Ut Eros Foundation,morbi.tristique@protonmail.ca,Nigeria,$93.10,"Jan 22, 2023",No
Nunc LLP,aliquam.tincidunt.nunc@google.edu,South Africa,$51.54,"Dec 20, 2023",Yes
Montes Nascetur Industries,non.sollicitudin@icloud.ca,Nigeria,$87.65,"Feb 7, 2023",Yes
Dui Cras LLC,lorem.vehicula@yahoo.ca,United Kingdom,$98.38,"May 20, 2024",Yes
Eu Incorporated,nulla.cras.eu@outlook.org,Brazil,$55.79,"Aug 23, 2023",No
Donec Non Inc.,odio.phasellus.at@hotmail.edu,United Kingdom,$63.55,"Aug 4, 2024",Yes
Nibh Industries,ornare.facilisis@google.org,South Africa,$96.49,"Jul 5, 2024",Yes
Sit Foundation,suspendisse@google.couk,Brazil,$14.42,"May 13, 2024",No
Diam Eu Dolor Corp.,nunc.ac@protonmail.com,United Kingdom,$16.35,"Oct 11, 2023",No
Dis Inc.,turpis.vitae.purus@hotmail.ca,Nigeria,$39.31,"Jan 9, 2024",Yes
Metus Corporation,tincidunt.donec.vitae@protonmail.org,Nigeria,$15.88,"Nov 9, 2023",No
Enim Foundation,congue.turpis@outlook.org,Brazil,$77.66,"Jul 23, 2024",No
Lectus Nullam Suscipit Institute,nunc.mauris.sapien@hotmail.org,United Kingdom,$47.96,"Mar 25, 2024",No
Fringilla Donec Institute,at.sem.molestie@google.ca,United Kingdom,$35.74,"Feb 23, 2024",No
Elit Pede PC,convallis.erat.eget@google.net,Nigeria,$86.41,"Sep 14, 2023",Yes
At Augue Id Ltd,sit.amet.faucibus@aol.org,United Kingdom,$88.08,"Nov 17, 2022",Yes
Ipsum LLP,iaculis.odio.nam@icloud.edu,Brazil,$37.77,"Jul 31, 2024",No
Vel Turpis Ltd,sit.amet@outlook.couk,Brazil,$56.25,"Sep 30, 2023",Yes
Quam Pellentesque Habitant LLP,cursus.integer@yahoo.com,Brazil,$23.50,"Aug 3, 2024",No
Morbi Sit Amet Corp.,non.enim@protonmail.couk,South Africa,$11.88,"Jan 18, 2023",Yes
Duis Volutpat Industries,malesuada.integer@google.edu,United Kingdom,$73.25,"Oct 24, 2023",Yes
Quis Foundation,tortor.nibh.sit@yahoo.couk,South Africa,$1.49,"Sep 21, 2023",No
Ut Lacus Nulla Corp.,duis.volutpat@yahoo.com,South Africa,$2.43,"Nov 2, 2022",No
Faucibus Lectus Ltd,nec.ante@outlook.ca,Nigeria,$71.63,"Dec 9, 2022",Yes
Magna Limited,dolor.sit@icloud.com,Brazil,$17.42,"Apr 19, 2023",Yes
Pede Ultrices A Ltd,augue.eu@aol.com,Brazil,$18.36,"Dec 7, 2022",Yes
Adipiscing Elit Foundation,mauris.vel@aol.net,Brazil,$14.97,"Feb 27, 2024",Yes
Nunc Ullamcorper Associates,nunc.ullamcorper.eu@google.org,Brazil,$17.75,"Feb 6, 2023",Yes
Malesuada Fames Ac LLP,posuere.cubilia@yahoo.couk,South Africa,$40.40,"Jun 25, 2024",Yes
Nec Tempus Foundation,donec@yahoo.couk,Nigeria,$9.47,"Sep 16, 2022",No
Iaculis Lacus PC,sed.diam@hotmail.couk,Brazil,$34.55,"Apr 20, 2023",Yes
Lorem Semper LLP,mattis@outlook.net,South Africa,$53.08,"Nov 11, 2023",No
Nunc Institute,risus.duis@hotmail.edu,Brazil,$49.40,"Jun 24, 2024",No
Cubilia Curae Donec Corporation,fringilla.ornare@outlook.edu,Nigeria,$85.40,"Jun 1, 2023",Yes
Semper Pretium Neque Industries,iaculis.aliquet@icloud.net,Nigeria,$92.71,"Apr 13, 2024",No
Ligula Aenean Euismod Foundation,metus@outlook.org,Brazil,$27.81,"Sep 3, 2023",No
Adipiscing Mauris Company,dictum@outlook.org,Brazil,$5.98,"Nov 8, 2023",No
Euismod Ac Fermentum Inc.,lorem.eu@aol.ca,South Africa,$24.96,"Oct 11, 2022",Yes
Id Enim Foundation,porttitor.eros.nec@icloud.org,United Kingdom,$34.19,"Jan 15, 2024",Yes
Arcu Morbi Consulting,massa.mauris@icloud.edu,Nigeria,$48.44,"Feb 15, 2024",No
Ante Vivamus Corp.,est.congue.a@protonmail.edu,South Africa,$31.32,"Mar 26, 2023",No
Sed Corporation,donec.porttitor@protonmail.org,Nigeria,$84.06,"Feb 10, 2023",No
In Consectetuer Industries,mauris.ut.mi@yahoo.com,South Africa,$71.76,"Jun 14, 2023",No
Vulputate Lacus LLC,id.mollis@protonmail.couk,South Africa,$3.52,"Nov 23, 2022",Yes
Turpis Egestas Fusce Foundation,lorem.sit.amet@google.couk,South Africa,$53.71,"May 21, 2023",No
Mattis Ornare Foundation,donec@outlook.net,Nigeria,$81.04,"Sep 12, 2023",Yes
Vestibulum Accumsan Foundation,eu.lacus@outlook.com,United Kingdom,$44.98,"Oct 14, 2022",Yes
Egestas Consulting,et@outlook.com,Nigeria,$14.79,"Nov 11, 2022",No
Purus Gravida Industries,lacus.quisque@aol.couk,Brazil,$5.84,"Oct 24, 2023",No
Luctus Incorporated,aliquet.phasellus@icloud.ca,Nigeria,$83.24,"Nov 16, 2022",Yes
Fusce Mollis LLP,leo.in@google.couk,South Africa,$94.40,"Dec 4, 2023",No
Amet Dapibus PC,ultrices.posuere@aol.couk,Nigeria,$35.43,"Feb 23, 2024",Yes
Rutrum Fusce Industries,elit.pretium@google.com,United Kingdom,$35.16,"Apr 13, 2024",Yes
Vulputate Mauris Consulting,quam.vel@google.edu,South Africa,$88.50,"Mar 13, 2024",No
Phasellus Corp.,non.arcu.vivamus@hotmail.com,Nigeria,$34.77,"Dec 11, 2023",No
Purus Institute,elit.aliquam.auctor@outlook.ca,United Kingdom,$53.19,"Feb 5, 2023",No
A Industries,lorem.ipsum.dolor@icloud.ca,United Kingdom,$31.64,"Jan 27, 2024",No
Vestibulum Ante LLP,ante.dictum@hotmail.net,Nigeria,$99.74,"Feb 16, 2024",No
Arcu Eu Odio LLC,consectetuer@aol.edu,Nigeria,$75.23,"May 7, 2024",No
Eu Arcu Morbi Consulting,magna.tellus.faucibus@aol.org,South Africa,$2.96,"Apr 2, 2024",No
Proin Vel Nisl Consulting,orci.donec.nibh@aol.com,Brazil,$55.07,"Dec 5, 2023",No
In Consectetuer Ipsum Consulting,quam@icloud.ca,South Africa,$42.06,"Mar 17, 2023",No
Eu Erat Limited,proin@protonmail.com,Brazil,$16.04,"Mar 14, 2024",Yes
Eu Augue Porttitor Limited,urna.ut@protonmail.net,South Africa,$84.26,"Nov 6, 2023",Yes
Nisi Dictum Corporation,nullam.vitae@protonmail.ca,Brazil,$36.48,"Feb 7, 2023",Yes
Adipiscing Institute,nunc.in@outlook.ca,South Africa,$15.89,"Oct 26, 2022",No
Quam Quis Corp.,sollicitudin@protonmail.edu,Nigeria,$16.04,"Sep 19, 2023",Yes
Neque Corporation,morbi.vehicula.pellentesque@yahoo.couk,South Africa,$14.52,"Oct 6, 2022",No
Pede Blandit Congue Foundation,mauris.aliquam@yahoo.ca,United Kingdom,$61.81,"Dec 9, 2023",Yes
Cursus In Associates,facilisis.lorem.tristique@hotmail.edu,Nigeria,$33.57,"May 4, 2023",No
Varius Nam Consulting,dolor.donec@protonmail.ca,South Africa,$76.11,"Oct 4, 2023",Yes
Nunc Ac Industries,mollis.integer@protonmail.org,Nigeria,$73.80,"Jan 4, 2023",Yes
Vitae Nibh Consulting,nunc.sed@outlook.org,Nigeria,$0.16,"Apr 6, 2024",Yes
Tempus Scelerisque Inc.,posuere.vulputate.lacus@hotmail.net,United Kingdom,$13.59,"Dec 9, 2023",Yes
Lacus Mauris Non LLP,habitant.morbi@protonmail.edu,Nigeria,$14.02,"Oct 2, 2023",Yes
Ornare In LLC,nec.ante@google.edu,Brazil,$99.11,"Jul 4, 2023",No
Dictum LLC,fusce.feugiat@protonmail.org,Nigeria,$45.01,"Dec 25, 2023",Yes
Vestibulum PC,duis@aol.org,United Kingdom,$1.33,"Feb 12, 2024",Yes
Fusce Feugiat Consulting,in.faucibus.morbi@google.ca,Brazil,$85.88,"May 27, 2024",Yes
Eu Inc.,fermentum.fermentum@icloud.ca,United Kingdom,$99.73,"Aug 3, 2023",No
Elementum Institute,sit.amet@icloud.edu,Brazil,$98.34,"Dec 28, 2022",No
Eu Corp.,felis@hotmail.edu,Brazil,$76.76,"Apr 1, 2023",Yes
Condimentum Eget Volutpat Industries,et.ultrices@yahoo.edu,South Africa,$11.47,"Mar 12, 2023",Yes
Ac Limited,dis.parturient@yahoo.com,Brazil,$84.57,"Oct 9, 2023",No
Blandit Ltd,aptent@google.net,Brazil,$11.62,"Apr 25, 2024",No
Nulla Integer Associates,dignissim.tempor.arcu@outlook.edu,United Kingdom,$96.95,"Nov 3, 2022",Yes
Id Mollis Nec Institute,erat.etiam@outlook.edu,Nigeria,$18.82,"Jan 16, 2023",No
Nunc Id Corporation,tellus.non@yahoo.couk,Nigeria,$45.48,"Jul 16, 2024",Yes
Scelerisque Institute,suspendisse.non@google.edu,South Africa,$18.22,"May 21, 2024",No
Velit LLC,egestas@yahoo.org,Nigeria,$96.83,"Nov 10, 2023",Yes
Lacus Etiam Limited,dictum@outlook.couk,Brazil,$90.03,"Sep 1, 2022",Yes
Quisque Varius Consulting,sociis.natoque@aol.org,Brazil,$57.76,"Mar 12, 2023",No
Malesuada Consulting,ut.nec@yahoo.com,United Kingdom,$89.51,"Jun 12, 2024",No
Massa Quisque Limited,dictum.cursus@aol.couk,Nigeria,$90.25,"Oct 21, 2023",No
Ut Limited,et.netus@hotmail.ca,South Africa,$65.69,"Jun 2, 2024",No
Lacus Aliquam LLC,nec@google.net,United Kingdom,$71.07,"Feb 20, 2024",Yes
Libero Integer Corp.,tincidunt.donec.vitae@yahoo.org,South Africa,$63.38,"Oct 19, 2022",Yes
Sit Institute,lorem.lorem.luctus@aol.com,United Kingdom,$95.09,"Jul 1, 2024",Yes
Et Ultrices Posuere Limited,vel.lectus@outlook.edu,South Africa,$63.18,"May 10, 2024",No
Molestie Tortor Corp.,orci.lacus.vestibulum@aol.ca,South Africa,$36.56,"Sep 10, 2023",No
Aliquam LLP,purus@google.couk,South Africa,$69.76,"Feb 12, 2023",No
Ornare Lectus LLC,cursus.integer@aol.org,South Africa,$37.41,"Jun 26, 2024",No
Sem Egestas Associates,dolor.fusce.feugiat@yahoo.ca,Nigeria,$35.78,"Jan 3, 2023",Yes
Venenatis Company,sed.eu@icloud.org,Brazil,$85.88,"Feb 4, 2024",No
Ut Company,imperdiet@hotmail.com,Nigeria,$6.34,"Jun 24, 2023",No
Arcu Et Pede PC,proin@google.edu,South Africa,$10.07,"Jul 1, 2024",No
Mi Felis Adipiscing Inc.,dignissim@yahoo.couk,South Africa,$93.33,"Sep 16, 2023",No
Morbi Corp.,fusce@aol.net,United Kingdom,$25.67,"Apr 15, 2024",No
Diam Eu Corp.,consectetuer.adipiscing@hotmail.net,United Kingdom,$95.99,"Jul 17, 2023",Yes
Arcu Vestibulum Industries,sem@yahoo.edu,Nigeria,$59.83,"Jun 11, 2024",Yes
Aenean Eget Foundation,ligula.aliquam@hotmail.net,Nigeria,$10.78,"Sep 21, 2023",No
Blandit At Nisi Associates,eu.nibh@yahoo.ca,Brazil,$88.56,"Dec 13, 2023",Yes
Amet Consectetuer Associates,a.dui@outlook.com,South Africa,$31.25,"Oct 25, 2022",No
Eget Foundation,nec@protonmail.couk,South Africa,$5.76,"Dec 4, 2023",No
Ut Lacus Nulla Corporation,integer.aliquam@yahoo.org,Brazil,$56.28,"Feb 14, 2024",Yes
Egestas Duis Institute,fringilla.porttitor@google.ca,United Kingdom,$52.58,"May 6, 2024",No
Justo Nec Corporation,dapibus.ligula@hotmail.com,Brazil,$20.15,"Nov 17, 2022",No
At Arcu PC,conubia@google.com,Nigeria,$68.19,"Aug 25, 2023",No
Et Malesuada Limited,turpis.nec.mauris@protonmail.couk,United Kingdom,$3.23,"Jan 23, 2024",No
Sed Corporation,justo.nec@icloud.couk,South Africa,$80.52,"Jun 13, 2023",Yes
Sollicitudin Orci Sem LLP,et@protonmail.org,South Africa,$47.03,"Jan 2, 2024",Yes
Eu Sem Corporation,magna.ut@yahoo.net,United Kingdom,$50.04,"May 12, 2024",Yes
Sollicitudin Associates,pellentesque.a@icloud.ca,Brazil,$39.32,"Jun 2, 2023",No
Ullamcorper Magna Sed Consulting,blandit.mattis@protonmail.couk,Nigeria,$73.92,"Jul 27, 2024",No
At Fringilla Associates,accumsan@google.ca,Brazil,$1.75,"Sep 5, 2022",No
Arcu Ac Industries,enim@icloud.net,Brazil,$77.67,"Jan 25, 2023",Yes
Aliquam Enim Corporation,blandit.enim@google.com,Nigeria,$17.33,"Apr 11, 2023",No
Luctus Vulputate LLP,lorem.ut@google.com,South Africa,$94.87,"Oct 29, 2022",Yes
Erat Vitae Inc.,ac.orci@aol.ca,Nigeria,$76.88,"Oct 18, 2023",Yes
Gravida Molestie Limited,sagittis.augue@protonmail.com,United Kingdom,$15.98,"Aug 15, 2024",No
Mauris Blandit Ltd,dictum@protonmail.edu,South Africa,$49.18,"Dec 19, 2023",Yes
Nisi Associates,vitae.odio.sagittis@hotmail.edu,Brazil,$65.54,"Nov 1, 2023",No
Blandit Congue In Corp.,aliquet.diam@aol.ca,Brazil,$91.38,"Dec 30, 2022",Yes
Sem Pellentesque Ut Industries,magna.suspendisse@google.net,South Africa,$18.04,"Dec 17, 2023",Yes
Mauris Sagittis LLP,rutrum.fusce@yahoo.com,Brazil,$37.32,"Mar 16, 2024",No
Lobortis Tellus Institute,imperdiet.nec@hotmail.org,Nigeria,$36.94,"Aug 4, 2024",No
Maecenas Mi Corp.,sit.amet.risus@outlook.net,Nigeria,$51.41,"Oct 29, 2022",No
Integer In Associates,a.nunc@aol.net,Nigeria,$63.22,"Dec 4, 2022",Yes
Mattis Semper Industries,diam.dictum@hotmail.edu,Brazil,$77.54,"Mar 5, 2024",Yes
At Velit LLC,orci.adipiscing@protonmail.com,United Kingdom,$36.29,"May 19, 2023",No
Imperdiet Incorporated,ullamcorper.duis@yahoo.edu,South Africa,$18.07,"Jun 13, 2024",No
Augue Porttitor Ltd,faucibus.orci@hotmail.com,Nigeria,$84.96,"Jan 22, 2024",No
Sit Amet Incorporated,id@hotmail.net,South Africa,$72.83,"Mar 9, 2024",No
Ullamcorper Duis Limited,montes.nascetur@outlook.edu,Nigeria,$80.59,"Dec 10, 2022",Yes
Maecenas Libero Est Limited,dui.nec@yahoo.ca,United Kingdom,$4.16,"Nov 6, 2022",No
Nec Orci Donec Ltd,nam.tempor@hotmail.edu,United Kingdom,$73.26,"Sep 3, 2022",Yes
Tempor Est Incorporated,eget.tincidunt@hotmail.couk,United Kingdom,$37.29,"Jan 16, 2023",Yes
Enim Mi Tempor LLC,rhoncus.donec@hotmail.ca,Nigeria,$13.98,"Jun 27, 2024",No
Ridiculus Institute,nulla.at@yahoo.edu,Nigeria,$17.10,"Sep 22, 2022",No
Et Institute,ornare.facilisis.eget@google.org,Nigeria,$45.48,"Apr 25, 2024",No
Felis Donec Tempor LLC,arcu@icloud.org,Brazil,$42.91,"Oct 26, 2023",No
Rhoncus Consulting,justo.proin@icloud.ca,Brazil,$22.27,"Jul 19, 2024",No
Lobortis Quam Limited,ipsum.dolor.sit@outlook.org,Brazil,$66.06,"Dec 12, 2022",Yes
Cursus Et Associates,fames@outlook.com,Brazil,$37.02,"Sep 11, 2023",Yes
Gravida Company,sed.hendrerit.a@yahoo.couk,United Kingdom,$0.71,"Dec 7, 2022",Yes
Sed Limited,tellus.faucibus.leo@outlook.org,South Africa,$57.46,"May 29, 2024",Yes
Orci Ut Semper PC,magnis.dis@protonmail.net,South Africa,$38.93,"Jun 25, 2023",Yes
Tellus Suspendisse Sed Incorporated,lectus@protonmail.edu,Brazil,$37.22,"Jan 13, 2024",Yes
Fusce Fermentum Fermentum PC,sed.dolor.fusce@aol.couk,South Africa,$73.54,"Nov 1, 2022",No
Malesuada LLC,ac.arcu.nunc@icloud.edu,Brazil,$71.61,"Apr 25, 2023",No
Ut Odio Industries,purus.ac@outlook.com,Brazil,$51.46,"Jun 6, 2023",No
Ante Bibendum Limited,id.enim@yahoo.org,South Africa,$44.64,"Oct 20, 2022",No
Velit Aliquam Industries,habitant@aol.edu,South Africa,$48.58,"Jul 15, 2024",Yes
Sed PC,sit.amet@hotmail.org,South Africa,$73.95,"Aug 24, 2024",No
Tellus Justo Sit Company,egestas.lacinia@outlook.com,Brazil,$72.21,"Aug 13, 2023",Yes
Ornare Egestas LLP,lectus.sit@outlook.couk,Brazil,$15.71,"Mar 23, 2024",No
Eu Corp.,lacinia.mattis.integer@google.couk,Nigeria,$54.40,"Aug 9, 2023",Yes
Ornare Consulting,donec.porttitor@protonmail.net,United Kingdom,$84.45,"Aug 20, 2023",Yes
A Foundation,vivamus.nisi@icloud.net,Nigeria,$45.49,"May 5, 2024",No
Gravida Company,dui.suspendisse@google.edu,South Africa,$42.50,"Sep 17, 2023",Yes
Ante Lectus Industries,nunc.est.mollis@outlook.edu,Nigeria,$83.98,"May 11, 2024",No
Purus Accumsan Interdum Industries,cursus@icloud.com,Brazil,$83.85,"Feb 1, 2024",Yes
Quis Foundation,nec.enim.nunc@icloud.couk,Brazil,$43.52,"Jan 27, 2023",Yes
Tristique Senectus Associates,sit.amet@yahoo.org,South Africa,$6.32,"Aug 21, 2024",No
Aliquet Foundation,praesent.eu@hotmail.edu,South Africa,$87.16,"Oct 20, 2023",Yes
Et Risus Consulting,dolor.tempus@outlook.ca,Nigeria,$75.86,"Nov 13, 2022",Yes
Mollis Non Cursus Industries,senectus@hotmail.org,Nigeria,$3.61,"May 10, 2023",Yes
Quis Diam LLC,rutrum@hotmail.edu,Brazil,$42.73,"May 22, 2024",No
Purus Nullam Scelerisque LLP,eros.nec@protonmail.net,United Kingdom,$48.74,"Jul 8, 2023",No
Vestibulum Ante Ipsum Foundation,diam.luctus@google.net,Nigeria,$18.75,"Jul 6, 2023",Yes
Fringilla Donec PC,amet.orci@icloud.edu,Nigeria,$37.00,"Nov 22, 2022",Yes
Adipiscing Lobortis Incorporated,sem@outlook.edu,South Africa,$4.58,"Mar 25, 2023",No
Justo PC,donec.sollicitudin@aol.edu,Brazil,$5.71,"Jul 28, 2024",No
Mattis Ltd,ante@protonmail.edu,Brazil,$67.04,"May 31, 2023",No
Est Nunc Laoreet Corp.,at.augue.id@outlook.edu,Brazil,$87.68,"Aug 15, 2023",No
Nunc Ltd,nunc.sed@aol.com,South Africa,$92.74,"Jul 27, 2024",Yes
Pulvinar Limited,scelerisque.dui@yahoo.couk,Nigeria,$65.46,"Oct 11, 2022",No
Lorem Lorem PC,sed@hotmail.couk,Brazil,$93.78,"Sep 2, 2022",Yes
Fermentum Risus LLP,cras.dictum.ultricies@outlook.org,United Kingdom,$61.79,"Aug 1, 2024",No
Elit Pharetra Associates,suscipit.nonummy@protonmail.couk,United Kingdom,$60.29,"Nov 14, 2023",No
Gravida Praesent Consulting,porttitor.scelerisque.neque@outlook.org,Brazil,$83.95,"Apr 10, 2024",Yes
Ut Nulla PC,tristique.pellentesque@icloud.org,South Africa,$44.21,"Sep 17, 2022",No
Etiam Vestibulum Inc.,elit.fermentum@outlook.edu,South Africa,$21.39,"Oct 30, 2022",No
Convallis PC,aenean.massa@aol.couk,United Kingdom,$68.86,"Oct 9, 2022",Yes
Eu Dolor Institute,vitae.purus.gravida@aol.ca,Nigeria,$40.28,"Mar 6, 2023",Yes
Et Rutrum Consulting,mauris.morbi.non@google.ca,Nigeria,$9.99,"Dec 5, 2023",Yes
Semper Erat Corporation,risus.varius@google.edu,United Kingdom,$99.69,"Oct 29, 2023",No
Euismod Mauris Ltd,malesuada@yahoo.com,South Africa,$35.02,"Oct 29, 2023",Yes
Et Netus Et LLP,in.felis@icloud.com,Brazil,$85.66,"Oct 5, 2023",No
Risus Odio Industries,sed@outlook.edu,Nigeria,$33.39,"Aug 24, 2024",Yes
Faucibus Id Libero Incorporated,ac.facilisis.facilisis@hotmail.org,South Africa,$78.53,"Apr 25, 2023",Yes
Sapien Nunc Pulvinar Institute,sit@google.edu,South Africa,$60.61,"Apr 21, 2024",No
Mauris Morbi Non Foundation,iaculis.nec@yahoo.ca,South Africa,$52.48,"Nov 17, 2022",Yes
Sed LLC,quis.turpis.vitae@outlook.com,United Kingdom,$24.59,"Aug 4, 2023",No
Sed Leo Corp.,ultrices.posuere.cubilia@protonmail.org,Nigeria,$80.68,"Mar 30, 2023",Yes
Accumsan PC,feugiat.nec.diam@hotmail.com,South Africa,$94.11,"Jan 28, 2023",Yes
Dolor Dolor LLC,libero.dui@google.org,Nigeria,$13.79,"Aug 28, 2024",Yes
Curabitur Dictum Phasellus LLP,est.ac.mattis@yahoo.couk,Nigeria,$2.33,"Dec 29, 2022",Yes
Sed Corporation,mauris.magna@outlook.edu,South Africa,$60.83,"Jan 24, 2023",Yes
Nostra Institute,orci@icloud.edu,Nigeria,$90.22,"Jul 4, 2024",Yes
Donec Limited,et@outlook.couk,Brazil,$40.55,"Jul 13, 2023",No
Pede Associates,magna@hotmail.org,Brazil,$9.61,"Sep 5, 2023",No
Arcu Sed Ltd,est.mauris@hotmail.com,United Kingdom,$43.62,"May 17, 2023",No
Est Nunc Limited,nullam.velit.dui@yahoo.com,South Africa,$87.85,"Feb 19, 2024",Yes
Molestie In Tempus Associates,non.luctus@outlook.net,United Kingdom,$20.02,"May 26, 2023",Yes
Fermentum Vel Institute,ornare.tortor@protonmail.net,Brazil,$37.79,"Oct 24, 2022",No
Non Vestibulum LLP,montes@icloud.edu,Brazil,$31.06,"Sep 29, 2023",No
Euismod Et Ltd,vulputate.ullamcorper@outlook.org,United Kingdom,$21.62,"May 4, 2024",No
Morbi Accumsan Laoreet Industries,ante.blandit@outlook.couk,United Kingdom,$59.89,"Feb 25, 2023",No
Tellus Justo Incorporated,ut.sagittis@google.ca,South Africa,$45.63,"Apr 17, 2024",Yes
Euismod Enim Industries,auctor@google.org,Nigeria,$72.88,"Nov 17, 2023",Yes
Lorem Vitae Odio Company,tempus.lorem.fringilla@google.edu,United Kingdom,$64.05,"May 14, 2023",No
Sapien Imperdiet Limited,nunc.interdum.feugiat@hotmail.ca,South Africa,$46.57,"Dec 28, 2022",Yes
Non Cursus Consulting,gravida.sit.amet@hotmail.edu,Brazil,$92.68,"Sep 16, 2022",Yes
Eu Neque Associates,dapibus.rutrum@yahoo.edu,Nigeria,$51.71,"Sep 26, 2023",No
Sed Auctor Odio Ltd,phasellus.vitae@hotmail.couk,Brazil,$0.16,"Sep 23, 2023",Yes
Scelerisque Industries,ipsum.cursus.vestibulum@yahoo.edu,Nigeria,$51.66,"Dec 19, 2023",No
Quisque Nonummy LLC,dolor.sit@hotmail.couk,United Kingdom,$64.17,"Aug 3, 2023",No
Elit Industries,sollicitudin.adipiscing.ligula@protonmail.edu,United Kingdom,$39.62,"Jun 17, 2024",No
Pellentesque A Corp.,vivamus.rhoncus@google.ca,Brazil,$20.17,"Mar 10, 2023",Yes
Velit Egestas LLC,dui.semper.et@yahoo.edu,Brazil,$74.90,"Apr 4, 2024",No
Rutrum Magna Cras Associates,interdum.ligula.eu@hotmail.org,Nigeria,$56.83,"Jun 13, 2023",Yes
Eu Dolor LLP,nunc.ac.sem@icloud.edu,Brazil,$85.94,"Feb 26, 2023",Yes
Amet Metus PC,nunc.mauris@protonmail.ca,Brazil,$57.49,"Oct 2, 2023",Yes
Duis Sit Ltd,orci.ut.sagittis@hotmail.ca,Nigeria,$52.04,"Feb 19, 2023",Yes
Sit Amet Incorporated,dui@protonmail.couk,Nigeria,$15.76,"Aug 16, 2024",Yes
Consectetuer Ipsum Industries,id@protonmail.edu,South Africa,$17.34,"Feb 11, 2023",No
Nec Metus Industries,mauris@yahoo.org,Nigeria,$77.11,"Jul 8, 2023",Yes
Dolor PC,enim@protonmail.org,United Kingdom,$12.64,"Apr 30, 2023",No
Porttitor Corporation,felis.purus@protonmail.edu,Nigeria,$27.67,"May 17, 2024",Yes
Gravida Sit Industries,aliquam.nisl@hotmail.com,United Kingdom,$61.20,"Oct 28, 2022",No
Augue Malesuada Consulting,sem.elit@yahoo.ca,Nigeria,$1.51,"May 5, 2024",Yes
Auctor Institute,nulla@google.couk,United Kingdom,$61.68,"Sep 18, 2023",Yes
Urna Company,magna@aol.com,United Kingdom,$92.97,"May 6, 2023",No
Ultrices Iaculis Inc.,eu@icloud.ca,South Africa,$43.20,"Feb 28, 2024",Yes
Proin Ltd,mauris.ipsum@protonmail.couk,Nigeria,$57.16,"May 4, 2024",Yes
Dictum Corporation,gravida.nunc@protonmail.net,Brazil,$87.14,"Jan 12, 2024",No
Blandit Congue In PC,montes.nascetur.ridiculus@google.couk,Brazil,$77.51,"Oct 4, 2022",Yes
Mauris PC,sed@icloud.com,South Africa,$32.18,"Jan 21, 2024",No
Sem Ut Limited,integer@aol.edu,Brazil,$69.45,"Apr 20, 2023",Yes
Vel Faucibus Limited,vestibulum.mauris.magna@aol.com,Brazil,$91.54,"Aug 2, 2023",No
Eleifend Nec LLC,tristique.ac@outlook.edu,Brazil,$95.68,"May 20, 2023",No
Non Dapibus LLP,nisi.aenean@protonmail.couk,South Africa,$3.47,"Jun 23, 2024",Yes
Auctor Non Industries,ultrices.a.auctor@yahoo.org,United Kingdom,$3.03,"Sep 3, 2023",Yes
At Associates,dis.parturient.montes@icloud.org,Brazil,$46.33,"Jul 27, 2024",No
Dui Incorporated,sit.amet@yahoo.edu,Nigeria,$42.08,"Jan 26, 2023",Yes
Sed Turpis Nec Corporation,velit.justo@aol.edu,Brazil,$46.83,"Dec 1, 2022",No
Nisi Cum PC,sem.egestas.blandit@icloud.net,United Kingdom,$77.34,"Nov 15, 2022",Yes
Dis Parturient Montes Industries,nunc.sed@icloud.couk,Brazil,$8.38,"Jul 29, 2023",Yes
Mus Aenean Eget Consulting,sit.amet@yahoo.com,South Africa,$71.59,"Sep 13, 2023",Yes
Tellus Corporation,nec.diam@icloud.couk,Nigeria,$19.69,"Aug 4, 2024",No
Donec Est Nunc Institute,vestibulum@protonmail.edu,United Kingdom,$54.40,"Oct 1, 2023",No
Ridiculus Mus Institute,pellentesque.eget@hotmail.net,United Kingdom,$59.15,"Jan 21, 2024",No
Scelerisque Limited,dolor.vitae@hotmail.org,Brazil,$37.74,"Oct 5, 2022",Yes
Lorem Vehicula Incorporated,mollis.dui.in@outlook.com,United Kingdom,$83.38,"Mar 5, 2023",No
Cursus Diam At Institute,ut@yahoo.org,Brazil,$0.16,"Apr 2, 2023",Yes
Amet Metus Aliquam Institute,magna@hotmail.org,United Kingdom,$67.39,"Jun 16, 2024",No
Ridiculus Mus Inc.,non.bibendum@aol.edu,Nigeria,$68.92,"Jun 8, 2023",No
Nulla LLP,eget@hotmail.net,South Africa,$15.08,"Jan 29, 2024",Yes
Mauris Eu Associates,curae@aol.couk,South Africa,$79.08,"Oct 17, 2023",Yes
Dignissim Ltd,malesuada.fames.ac@google.couk,South Africa,$17.66,"Apr 10, 2023",Yes
Risus Institute,metus.in@outlook.net,United Kingdom,$74.51,"Jan 31, 2023",Yes
Sit Corporation,vitae.sodales.nisi@protonmail.couk,Brazil,$62.24,"Oct 18, 2022",Yes
Mattis Cras Eget Industries,aliquam.arcu@protonmail.net,South Africa,$12.70,"Mar 16, 2024",Yes
Id Sapien Industries,orci@protonmail.edu,South Africa,$3.08,"Jun 2, 2023",No
Metus In Nec Foundation,nulla.ante@yahoo.com,Brazil,$46.86,"Dec 9, 2023",Yes
Habitant Morbi Corp.,purus.sapien.gravida@icloud.net,Brazil,$57.45,"Oct 20, 2022",Yes
Arcu Imperdiet Ullamcorper PC,malesuada.fames@protonmail.ca,Brazil,$59.22,"Apr 18, 2023",Yes
Gravida Praesent Eu LLC,nullam.scelerisque@yahoo.edu,Nigeria,$37.87,"Jan 30, 2024",No
Dui Corp.,sem@yahoo.edu,Nigeria,$99.72,"Jul 24, 2024",No
Velit Sed Corp.,sodales.mauris.blandit@icloud.edu,South Africa,$27.95,"Apr 28, 2023",No
Nisi Corporation,purus.nullam@yahoo.com,South Africa,$35.62,"Dec 17, 2023",No
Feugiat Industries,sagittis.augue@icloud.net,Nigeria,$11.38,"Jul 17, 2023",No
Donec Sollicitudin Adipiscing Associates,posuere@icloud.edu,Nigeria,$37.65,"Apr 7, 2024",No
Mus LLP,eget.dictum.placerat@yahoo.edu,United Kingdom,$88.50,"Jun 1, 2024",Yes
Massa Integer PC,a@aol.com,United Kingdom,$62.39,"Jun 24, 2023",Yes
Hymenaeos Mauris Ut Institute,adipiscing.mauris@protonmail.edu,Brazil,$0.48,"May 4, 2024",No
Sagittis Nullam Vitae Foundation,mollis.vitae@aol.couk,Brazil,$6.24,"Dec 4, 2022",Yes
Malesuada Fringilla LLC,phasellus.at.augue@yahoo.couk,Brazil,$21.55,"Sep 2, 2023",No
Tellus Lorem Ltd,semper.egestas@protonmail.com,Nigeria,$90.34,"Sep 27, 2022",Yes
Fermentum LLP,adipiscing.elit@hotmail.edu,Brazil,$69.52,"Dec 20, 2023",Yes
Morbi Sit Limited,ornare.lectus@yahoo.edu,South Africa,$62.40,"Aug 6, 2023",Yes
Ipsum Industries,dictum.cursus@google.couk,Brazil,$63.71,"Feb 16, 2024",Yes
Nunc Sed Inc.,lacinia@google.edu,Nigeria,$89.93,"Jul 12, 2024",No
Primis In PC,vel.lectus@icloud.com,United Kingdom,$12.57,"Oct 30, 2022",No
Maecenas Ornare Ltd,molestie.tellus@hotmail.edu,Nigeria,$75.41,"Jan 18, 2023",Yes
Donec Felis Orci PC,magna.a@yahoo.couk,Brazil,$6.75,"Mar 13, 2023",Yes
Sit Ltd,nec@outlook.org,South Africa,$38.88,"Aug 5, 2023",No
Tincidunt Vehicula LLP,aliquam@icloud.ca,South Africa,$29.40,"Aug 13, 2024",Yes
Vitae Semper Inc.,augue@aol.edu,Nigeria,$62.91,"Feb 26, 2024",No
Nunc Quisque Corporation,volutpat.nunc@aol.net,Nigeria,$98.52,"Aug 19, 2024",Yes
Odio Semper LLC,duis.risus.odio@yahoo.ca,South Africa,$5.99,"May 29, 2023",No
Magna Phasellus Dolor Ltd,ipsum.ac.mi@google.edu,United Kingdom,$35.05,"Aug 26, 2023",No
Suspendisse Aliquet Corp.,quis.diam@yahoo.ca,South Africa,$25.03,"Dec 18, 2022",Yes
In Sodales Associates,eget.ipsum@yahoo.edu,South Africa,$79.19,"Aug 20, 2024",Yes
Ante Ipsum Corp.,risus.donec@aol.ca,Brazil,$58.53,"Mar 11, 2023",No
Risus Duis LLP,purus.mauris@hotmail.edu,Brazil,$72.95,"Jun 11, 2023",No
Cras Eget Associates,dolor.nonummy.ac@google.ca,United Kingdom,$20.28,"Dec 27, 2022",No
Accumsan Interdum Incorporated,lorem.tristique@protonmail.edu,South Africa,$74.69,"Apr 13, 2023",Yes
Amet Consectetuer Adipiscing Incorporated,mauris.sit@protonmail.ca,Brazil,$49.46,"Dec 8, 2023",No
Justo Faucibus Lectus PC,aliquam.erat@aol.com,United Kingdom,$51.88,"Mar 6, 2023",No
Vestibulum Lorem Sit LLP,orci.lobortis.augue@outlook.couk,Nigeria,$55.55,"Mar 18, 2023",Yes
Lobortis Ultrices Vivamus PC,ac.metus@google.ca,South Africa,$77.39,"Jun 8, 2024",No
Sit Amet Company,eu.ultrices@protonmail.com,Brazil,$73.11,"Jan 25, 2024",No
Nunc Lectus Pede Institute,nec@yahoo.org,United Kingdom,$45.68,"May 25, 2023",Yes
Ipsum Donec Sollicitudin Company,lacus.mauris@google.net,Nigeria,$18.79,"Mar 27, 2024",No
Magnis Dis Ltd,nulla.eu.neque@google.ca,United Kingdom,$17.90,"Aug 26, 2024",No
Libero Proin Mi LLP,nulla.at.sem@yahoo.com,Nigeria,$43.20,"Nov 6, 2022",Yes
Fringilla Cursus PC,cras@hotmail.ca,Brazil,$20.71,"Jan 29, 2024",No
Elit Sed Consequat Corp.,suspendisse.sagittis@yahoo.ca,United Kingdom,$48.76,"May 8, 2023",Yes
Duis Gravida LLC,rutrum@yahoo.net,United Kingdom,$23.85,"Jun 7, 2023",Yes
Curabitur Consequat PC,elit.pellentesque@icloud.org,Brazil,$88.56,"Jul 28, 2023",No
At Egestas A LLP,mauris.id@aol.ca,South Africa,$93.34,"Aug 23, 2023",No
Et Arcu Company,magna.nec@aol.ca,Brazil,$9.08,"Aug 17, 2023",No
Ipsum Dolor Institute,imperdiet.ullamcorper@yahoo.edu,Brazil,$3.35,"Sep 13, 2023",No
Aliquet Vel Consulting,proin@outlook.couk,Nigeria,$70.66,"Feb 15, 2024",No
Ultrices Mauris Corp.,ante.maecenas@hotmail.com,South Africa,$6.74,"Feb 6, 2024",Yes
Faucibus Id LLP,enim@outlook.net,United Kingdom,$88.87,"Jan 25, 2023",Yes
Ac Nulla Corporation,at@google.edu,South Africa,$94.00,"Jun 14, 2024",Yes
Lacinia Vitae Corporation,magnis.dis.parturient@outlook.edu,South Africa,$2.64,"Feb 1, 2023",Yes
Pede Nec Corporation,in.faucibus@protonmail.edu,Nigeria,$94.29,"Nov 2, 2023",No
Ac Risus Institute,nunc@yahoo.ca,South Africa,$17.63,"Oct 3, 2023",Yes
Eget Limited,tincidunt.tempus.risus@yahoo.net,South Africa,$83.77,"Nov 26, 2022",Yes
Suspendisse Non Limited,vivamus@google.net,South Africa,$16.75,"Feb 15, 2023",No
Aenean Sed Ltd,lectus.cum.sociis@yahoo.couk,Nigeria,$60.85,"Mar 20, 2023",No
Lorem Vitae Odio Limited,quisque.ac@yahoo.ca,United Kingdom,$4.66,"May 9, 2024",Yes
Eget Venenatis Industries,fermentum.vel@hotmail.ca,Brazil,$61.79,"Dec 2, 2023",No
Fusce Aliquam Institute,aliquet.molestie.tellus@outlook.net,South Africa,$8.89,"Jun 18, 2024",No
Gravida Molestie Arcu Incorporated,mollis.lectus@outlook.net,United Kingdom,$28.85,"Jan 23, 2023",No
Ante Associates,morbi@outlook.couk,Nigeria,$34.82,"Sep 12, 2023",No
Velit Quisque Varius Corp.,praesent.eu@google.org,Nigeria,$45.72,"Feb 20, 2023",Yes
Ornare Ltd,aliquam.tincidunt.nunc@protonmail.couk,South Africa,$70.98,"Sep 11, 2023",No
Tellus Eu Company,nisi.cum@icloud.ca,Nigeria,$25.18,"Apr 27, 2023",Yes
Suscipit Est Ac Associates,fusce.aliquam.enim@yahoo.edu,Brazil,$15.01,"May 3, 2023",Yes
Dui Semper Et PC,nisl.arcu@protonmail.net,Brazil,$74.48,"Mar 28, 2024",No
Magnis Dis LLC,ante.maecenas@hotmail.org,South Africa,$27.13,"Sep 4, 2023",No
Nec Cursus Institute,sed@protonmail.net,Nigeria,$38.26,"Jun 16, 2024",Yes
Adipiscing Foundation,in.consequat.enim@hotmail.org,United Kingdom,$97.48,"Dec 8, 2022",No
Neque Sed Sem Industries,rutrum.magna@icloud.net,South Africa,$39.47,"Feb 2, 2024",Yes
Magna PC,magna.nec.quam@yahoo.net,South Africa,$4.89,"Mar 28, 2024",No
Feugiat Tellus Incorporated,nunc@yahoo.org,Nigeria,$77.43,"Jan 16, 2023",Yes
Congue Turpis In Limited,sed.consequat@google.couk,South Africa,$69.65,"Sep 20, 2022",Yes
Pellentesque Ut Ipsum Consulting,erat.vel@aol.couk,United Kingdom,$14.63,"Jan 14, 2024",No
Nullam Velit Dui PC,praesent.eu.dui@yahoo.ca,Brazil,$2.13,"Sep 6, 2022",No
A Purus Limited,morbi.quis@icloud.org,United Kingdom,$9.79,"Dec 2, 2022",Yes
Eget Odio Limited,ligula@outlook.net,Brazil,$57.35,"Jul 8, 2023",No
Pellentesque Habitant Corp.,nam.porttitor@hotmail.com,Brazil,$35.79,"Oct 12, 2023",Yes
Mi Foundation,pellentesque.tellus@icloud.org,Nigeria,$39.70,"Jul 1, 2024",No
Arcu Incorporated,phasellus.elit@hotmail.org,Nigeria,$22.64,"Jan 12, 2024",No
Molestie Corporation,et@protonmail.org,Nigeria,$83.87,"Jan 28, 2024",Yes
Eleifend LLP,adipiscing.ligula@yahoo.ca,United Kingdom,$99.82,"Nov 23, 2023",No
Eget Foundation,rutrum.non.hendrerit@yahoo.com,South Africa,$5.07,"Aug 23, 2023",No
Leo Morbi Foundation,consequat.purus.maecenas@aol.ca,South Africa,$61.39,"Feb 26, 2024",No
Commodo Inc.,magna@aol.ca,South Africa,$79.46,"Mar 2, 2024",Yes
Cras Vulputate PC,magna.a@protonmail.org,South Africa,$85.64,"Jul 4, 2024",No
In Dolor Fusce Company,aliquam.gravida@outlook.net,South Africa,$16.75,"Dec 7, 2022",Yes
Dignissim Tempor LLP,nullam.suscipit.est@aol.org,Brazil,$43.25,"Oct 21, 2023",No
Pede Nec Incorporated,rhoncus@outlook.org,Brazil,$80.25,"Jul 24, 2023",Yes
Vitae Mauris Institute,fusce.diam.nunc@yahoo.couk,Brazil,$56.88,"Jul 18, 2023",Yes
Phasellus PC,tempor@yahoo.net,South Africa,$13.01,"Feb 8, 2023",Yes
Mus Aenean Eget PC,sed.sem.egestas@hotmail.net,Brazil,$60.52,"Apr 28, 2023",No
Phasellus Libero Mauris Institute,mauris@yahoo.ca,South Africa,$40.10,"Jun 14, 2024",No
Risus Morbi Consulting,ipsum.porta@aol.ca,South Africa,$70.86,"Jan 24, 2023",No
Ridiculus Mus Associates,pellentesque.tellus.sem@protonmail.edu,South Africa,$47.95,"Dec 7, 2022",No
Eu Accumsan Ltd,est.mollis.non@protonmail.edu,South Africa,$76.18,"Dec 26, 2023",Yes
Convallis Convallis Dolor Company,feugiat.metus@hotmail.edu,Brazil,$3.22,"Jun 5, 2024",No
Nunc Sed Ltd,elit.pede@icloud.org,Brazil,$99.12,"Dec 15, 2023",No
Viverra Maecenas LLP,rhoncus@icloud.com,Brazil,$82.89,"May 29, 2023",No
Ut Tincidunt Ltd,lectus@google.com,South Africa,$54.81,"Aug 11, 2024",No
Mauris A Nunc Inc.,arcu.vestibulum.ante@aol.com,South Africa,$69.11,"Feb 4, 2024",No
In Tincidunt Congue Associates,amet.diam.eu@yahoo.net,Brazil,$64.99,"Jul 27, 2023",Yes
Consectetuer Mauris PC,gravida.mauris.ut@google.com,United Kingdom,$8.71,"Feb 6, 2023",No
Sed Libero Incorporated,ornare.lectus@aol.org,Brazil,$67.14,"Sep 26, 2022",Yes
Eget Tincidunt Ltd,et@hotmail.edu,Brazil,$39.86,"Oct 28, 2022",No
Suspendisse Dui LLP,quam.elementum@aol.ca,Brazil,$86.07,"Mar 13, 2023",Yes
Id Blandit At Associates,cursus.diam@yahoo.couk,South Africa,$31.93,"Jul 29, 2023",No
Libero Proin Sed LLP,ac.arcu@aol.edu,Brazil,$4.27,"Oct 4, 2023",No
Sit Amet Limited,ac.ipsum@outlook.com,Nigeria,$88.66,"Sep 30, 2022",No
Amet Consectetuer Associates,enim@hotmail.ca,Nigeria,$94.79,"Jun 15, 2023",Yes
Eu Tempor Erat Ltd,semper.erat@icloud.edu,United Kingdom,$36.61,"Oct 14, 2022",Yes
Nunc Lectus LLP,eget@protonmail.com,South Africa,$63.96,"Jul 2, 2024",No